{"cameraMode":{"drawMode":0,"name":"Shaded","section":"Shading Mode"},"sceneLighting":true,"audioPlay":false,"sceneViewState":{"showFog":true,"showMaterialUpdate":false,"showSkybox":true,"showFlares":true,"showImageEffects":true,"showParticleSystems":true},"in2DMode":false,"pivot":{"x":16.87807846069336,"y":7.229253768920898,"z":-9.160089492797852},"rotation":{"x":0.19711266458034516,"y":-0.15572667121887208,"z":0.0317283533513546,"w":0.9674193263053894},"size":43.53124237060547,"orthographic":true}