{"cameraMode":{"drawMode":0,"name":"Shaded","section":"Shading Mode"},"sceneLighting":true,"audioPlay":false,"sceneViewState":{"showFog":true,"showMaterialUpdate":false,"showSkybox":true,"showFlares":true,"showImageEffects":true,"showParticleSystems":true},"in2DMode":false,"pivot":{"x":6.769999980926514,"y":-1.7799999713897706,"z":-17.450000762939454},"rotation":{"x":0.1300187110900879,"y":-0.04103453829884529,"z":0.005385680124163628,"w":0.9906495213508606},"size":36.88701248168945,"orthographic":true}